insert into vyrobce (id_vyrobce, nazev) values (1, 'Moyu');
insert into vyrobce (id_vyrobce, nazev) values (2, 'Qiyi');
insert into vyrobce (id_vyrobce, nazev) values (3, 'Gan');
insert into vyrobce (id_vyrobce, nazev) values (4, 'Dayan');
insert into vyrobce (id_vyrobce, nazev) values (5, 'ShengShou');
insert into vyrobce (id_vyrobce, nazev) values (6, 'Fangshi');

select setval(pg_get_serial_sequence('vyrobce','id_vyrobce'),6);

----------------------------------------
insert into kostka (id_kostka, id_vyrobce, jmeno) values (1, 6, 'Shuangren');
insert into kostka (id_kostka, id_vyrobce, jmeno) values (2, 5, 'Aurora');
insert into kostka (id_kostka, id_vyrobce, jmeno) values (3, 1, 'Weilong WRM');
insert into kostka (id_kostka, id_vyrobce, jmeno) values (4, 4, 'Zhanchi');
insert into kostka (id_kostka, id_vyrobce, jmeno) values (5, 4, 'Guhong');
insert into kostka (id_kostka, id_vyrobce, jmeno) values (6, 1, 'Aolong');
insert into kostka (id_kostka, id_vyrobce, jmeno) values (7, 5, 'Green');
insert into kostka (id_kostka, id_vyrobce, jmeno) values (8, 3, '11M Pro');
insert into kostka (id_kostka, id_vyrobce, jmeno) values (9, 3, 'Air');
insert into kostka (id_kostka, id_vyrobce, jmeno) values (10, 2, 'Tornado');

select setval(pg_get_serial_sequence('kostka','id_kostka'),10);

----------------------------------------------------------------------
insert into stat (id_stat, nazev) values (1, 'Poland');
insert into stat (id_stat, nazev) values (2, 'Australia');
insert into stat (id_stat, nazev) values (3, 'Czech Republic');
insert into stat (id_stat, nazev) values (4, 'Germany');
insert into stat (id_stat, nazev) values (5, 'Afghanistan');
insert into stat (id_stat, nazev) values (6, 'China');
insert into stat (id_stat, nazev) values (7, 'Pakistan');
insert into stat (id_stat, nazev) values (8, 'USA');
insert into stat (id_stat, nazev) values (9, 'Canada');
insert into stat (id_stat, nazev) values (10, 'Italy');

select setval(pg_get_serial_sequence('stat','id_stat'),10);

-------------------------------------------------------------------------

insert into mesto (id_mesto, id_stat, nazev) values (1, 3, 'Prague');
insert into mesto (id_mesto, id_stat, nazev) values (2, 6, 'Beijing');
insert into mesto (id_mesto, id_stat, nazev) values (3, 1, 'Krakow');
insert into mesto (id_mesto, id_stat, nazev) values (4, 8, 'Los Angeles');
insert into mesto (id_mesto, id_stat, nazev) values (5, 5, 'Kabul');
insert into mesto (id_mesto, id_stat, nazev) values (6, 7, 'Karachi');
insert into mesto (id_mesto, id_stat, nazev) values (7, 3, 'Brno');
insert into mesto (id_mesto, id_stat, nazev) values (8, 4, 'Munich');
insert into mesto (id_mesto, id_stat, nazev) values (9, 6, 'Shanghai');
insert into mesto (id_mesto, id_stat, nazev) values (10, 1, 'Warsaw');
insert into mesto (id_mesto, id_stat, nazev) values (11, 6, 'Shenzhen');
insert into mesto (id_mesto, id_stat, nazev) values (12, 3, 'Cerveny Kostelec');
insert into mesto (id_mesto, id_stat, nazev) values (13, 2, 'Melbourne');
insert into mesto (id_mesto, id_stat, nazev) values (14, 10, 'Venice');
insert into mesto (id_mesto, id_stat, nazev) values (15, 10, 'Bologna');
insert into mesto (id_mesto, id_stat, nazev) values (16, 8, 'San Diego' );
insert into mesto (id_mesto, id_stat, nazev) values (17, 9, 'Ottawa');

select setval(pg_get_serial_sequence('mesto','id_mesto'),17);

----------------------------------------------------------------------

insert into speedcuber (id_speedcuber, id_stat, jmeno, prijmeni, datum_narozeni, pohlavi) values (1, 1, 'Rudie', 'Brownbill', '1985-10-06', 'Male');
insert into speedcuber (id_speedcuber, id_stat, jmeno, prijmeni, datum_narozeni, pohlavi) values (2, 10, 'Bart', 'Cod', '1961-07-14', 'Male');
insert into speedcuber (id_speedcuber, id_stat, jmeno, prijmeni, datum_narozeni, pohlavi) values (3, 10, 'Brett', 'Crevy', '2002-09-18', 'Female');
insert into speedcuber (id_speedcuber, id_stat, jmeno, prijmeni, datum_narozeni, pohlavi) values (4, 4, 'Abner', 'Maldin', '2020-11-26', null);
insert into speedcuber (id_speedcuber, id_stat, jmeno, prijmeni, datum_narozeni, pohlavi) values (5, 1, 'Lilyan', 'Beardsley', '1969-07-11', 'Genderfluid');
insert into speedcuber (id_speedcuber, id_stat, jmeno, prijmeni, datum_narozeni, pohlavi) values (6, 6, 'Adriane', 'McKernon', '2012-01-21', 'Female');
insert into speedcuber (id_speedcuber, id_stat, jmeno, prijmeni, datum_narozeni, pohlavi) values (7, 6, 'Rogerio', 'Evangelinos', '1972-12-26', 'Male');
insert into speedcuber (id_speedcuber, id_stat, jmeno, prijmeni, datum_narozeni, pohlavi) values (8, 5, 'Rance', 'Acton', '1984-11-29', 'Polygender');
insert into speedcuber (id_speedcuber, id_stat, jmeno, prijmeni, datum_narozeni, pohlavi) values (9, 3, 'Arv', 'Chapman', '1997-11-29', 'Male');
insert into speedcuber (id_speedcuber, id_stat, jmeno, prijmeni, datum_narozeni, pohlavi) values (10, 5, 'Hedda', 'Broadbere', '1997-12-09', 'Female');
insert into speedcuber (id_speedcuber, id_stat, jmeno, prijmeni, datum_narozeni, pohlavi) values (11, 8, 'Taryn', 'Giorgeschi', '2006-06-15', 'Female');
insert into speedcuber (id_speedcuber, id_stat, jmeno, prijmeni, datum_narozeni, pohlavi) values (12, 2, 'Niels', 'Lerohan', '1987-10-11', 'Male');
insert into speedcuber (id_speedcuber, id_stat, jmeno, prijmeni, datum_narozeni, pohlavi) values (13, 8, 'Tamas', 'Clancey', '1978-06-26', 'Male');
insert into speedcuber (id_speedcuber, id_stat, jmeno, prijmeni, datum_narozeni, pohlavi) values (14, 5, 'Carlen', 'Barwise', '2012-04-28', 'Agender');
insert into speedcuber (id_speedcuber, id_stat, jmeno, prijmeni, datum_narozeni, pohlavi) values (15, 8, 'Reggy', 'Kearley', '1997-06-22', 'Genderqueer');
insert into speedcuber (id_speedcuber, id_stat, jmeno, prijmeni, datum_narozeni, pohlavi) values (16, 5, 'Maybelle', 'Bispham', '1982-08-22', null);
insert into speedcuber (id_speedcuber, id_stat, jmeno, prijmeni, datum_narozeni, pohlavi) values (17, 9, 'Lemar', 'Sarch', '1973-07-23', 'Male');
insert into speedcuber (id_speedcuber, id_stat, jmeno, prijmeni, datum_narozeni, pohlavi) values (18, 9, 'Ogden', 'Phibb', '1962-12-03', 'Polygender');
insert into speedcuber (id_speedcuber, id_stat, jmeno, prijmeni, datum_narozeni, pohlavi) values (19, 3, 'Tamma', 'Petrashkov', '2005-08-04', 'Female');
insert into speedcuber (id_speedcuber, id_stat, jmeno, prijmeni, datum_narozeni, pohlavi) values (20, 5, 'Rolland', 'Roubay', '1984-03-17', 'Male');
insert into speedcuber (id_speedcuber, id_stat, jmeno, prijmeni, datum_narozeni, pohlavi) values (21, 1, 'Clayborne', 'Denniston', '1996-04-24', 'Male');
insert into speedcuber (id_speedcuber, id_stat, jmeno, prijmeni, datum_narozeni, pohlavi) values (22, 4, 'Jeffie', 'Schwandt', '1993-01-31', null);
insert into speedcuber (id_speedcuber, id_stat, jmeno, prijmeni, datum_narozeni, pohlavi) values (23, 3, 'Janelle', 'Cranefield', '2020-09-07', 'Agender');
insert into speedcuber (id_speedcuber, id_stat, jmeno, prijmeni, datum_narozeni, pohlavi) values (24, 4, 'Horace', 'Antrim', '2002-06-27', null);
insert into speedcuber (id_speedcuber, id_stat, jmeno, prijmeni, datum_narozeni, pohlavi) values (25, 3, 'Alice', 'Banane', '1970-10-12', null);
insert into speedcuber (id_speedcuber, id_stat, jmeno, prijmeni, datum_narozeni, pohlavi) values (26, 1, 'Tymon', 'Kolasinski', '2005-03-30', 'Male');
insert into speedcuber (id_speedcuber, id_stat, jmeno, prijmeni, datum_narozeni, pohlavi) values (27, 5, 'Geordie', 'Speight', '1972-10-10', 'Male');
insert into speedcuber (id_speedcuber, id_stat, jmeno, prijmeni, datum_narozeni, pohlavi) values (28, 10, 'Teri', 'Dunstall', '1996-05-07', 'Agender');
insert into speedcuber (id_speedcuber, id_stat, jmeno, prijmeni, datum_narozeni, pohlavi) values (29, 5, 'Diana', 'Wabb', '1962-07-05', 'Female');
insert into speedcuber (id_speedcuber, id_stat, jmeno, prijmeni, datum_narozeni, pohlavi) values (30, 6, 'Curry', 'Kynvin', '2019-03-20', null);
insert into speedcuber (id_speedcuber, id_stat, jmeno, prijmeni, datum_narozeni, pohlavi) values (31, 6, 'Carolan', 'Crosetto', '1962-11-03', null);
insert into speedcuber (id_speedcuber, id_stat, jmeno, prijmeni, datum_narozeni, pohlavi) values (32, 6, 'Rosalyn', 'Newcomb', '1990-03-30', 'Female');
insert into speedcuber (id_speedcuber, id_stat, jmeno, prijmeni, datum_narozeni, pohlavi) values (33, 1, 'Forest', 'Dunks', '2014-12-07', 'Male');
insert into speedcuber (id_speedcuber, id_stat, jmeno, prijmeni, datum_narozeni, pohlavi) values (34, 10, 'Junina', 'Enders', '1988-04-12', 'Agender');
insert into speedcuber (id_speedcuber, id_stat, jmeno, prijmeni, datum_narozeni, pohlavi) values (35, 9, 'Skye', 'Mundle', '1996-06-19', 'Male');
insert into speedcuber (id_speedcuber, id_stat, jmeno, prijmeni, datum_narozeni, pohlavi) values (36, 1, 'Ruby', 'Michal', '1988-02-12', 'Male');
insert into speedcuber (id_speedcuber, id_stat, jmeno, prijmeni, datum_narozeni, pohlavi) values (37, 8, 'Davine', 'Springer', '2003-07-12', 'Female');
insert into speedcuber (id_speedcuber, id_stat, jmeno, prijmeni, datum_narozeni, pohlavi) values (38, 8, 'Kaile', 'Marshal', '1968-11-23', 'Female');
insert into speedcuber (id_speedcuber, id_stat, jmeno, prijmeni, datum_narozeni, pohlavi) values (39, 9, 'Laughton', 'Ferandez', '1980-03-10', 'Male');
insert into speedcuber (id_speedcuber, id_stat, jmeno, prijmeni, datum_narozeni, pohlavi) values (40, 6, 'Phil', 'Braunes', '2011-04-24', 'Male');
insert into speedcuber (id_speedcuber, id_stat, jmeno, prijmeni, datum_narozeni, pohlavi) values (41, 5, 'Ignatius', 'Duchenne', '2002-07-13', 'Male');
insert into speedcuber (id_speedcuber, id_stat, jmeno, prijmeni, datum_narozeni, pohlavi) values (42, 3, 'Derrick', 'Chellingworth', '2014-01-02', 'Male');
insert into speedcuber (id_speedcuber, id_stat, jmeno, prijmeni, datum_narozeni, pohlavi) values (43, 4, 'Abbott', 'Anfusso', '1969-12-27', 'Male');
insert into speedcuber (id_speedcuber, id_stat, jmeno, prijmeni, datum_narozeni, pohlavi) values (44, 8, 'Freddie', 'Benazet', '1969-08-24', 'Male');
insert into speedcuber (id_speedcuber, id_stat, jmeno, prijmeni, datum_narozeni, pohlavi) values (45, 6, 'Davida', 'Furzer', '1964-08-01', null);
insert into speedcuber (id_speedcuber, id_stat, jmeno, prijmeni, datum_narozeni, pohlavi) values (46, 1, 'Terri', 'Streater', '1964-07-14', 'Female');
insert into speedcuber (id_speedcuber, id_stat, jmeno, prijmeni, datum_narozeni, pohlavi) values (47, 5, 'Mary', 'Teaser', '1979-05-24', null);
insert into speedcuber (id_speedcuber, id_stat, jmeno, prijmeni, datum_narozeni, pohlavi) values (48, 3, 'Axel', 'Igglesden', '1964-01-06', 'Male');
insert into speedcuber (id_speedcuber, id_stat, jmeno, prijmeni, datum_narozeni, pohlavi) values (49, 2, 'Curcio', 'Allflatt', '1969-11-03', 'Male');
insert into speedcuber (id_speedcuber, id_stat, jmeno, prijmeni, datum_narozeni, pohlavi) values (50, 1, 'Lotti', 'Cracknell', '1969-04-08', null);
insert into speedcuber (id_speedcuber, id_stat, jmeno, prijmeni, datum_narozeni, pohlavi) values (51, 4, 'Swen', 'Shitliffe', '1993-10-15', null);
insert into speedcuber (id_speedcuber, id_stat, jmeno, prijmeni, datum_narozeni, pohlavi) values (52, 5, 'Eilis', 'Ralston', '1965-12-24', 'Female');
insert into speedcuber (id_speedcuber, id_stat, jmeno, prijmeni, datum_narozeni, pohlavi) values (53, 3, 'Cirstoforo', 'Shoulders', '2000-03-12', 'Genderfluid');
insert into speedcuber (id_speedcuber, id_stat, jmeno, prijmeni, datum_narozeni, pohlavi) values (54, 1, 'Ashbey', 'Joslyn', '2012-10-25', 'Male');
insert into speedcuber (id_speedcuber, id_stat, jmeno, prijmeni, datum_narozeni, pohlavi) values (55, 2, 'Rodney', 'Goodfellowe', '1964-05-30', null);
insert into speedcuber (id_speedcuber, id_stat, jmeno, prijmeni, datum_narozeni, pohlavi) values (56, 1, 'Rahel', 'Lippett', '2015-08-25', 'Female');
insert into speedcuber (id_speedcuber, id_stat, jmeno, prijmeni, datum_narozeni, pohlavi) values (57, 5, 'Judy', 'Clardge', '1975-05-06', 'Female');
insert into speedcuber (id_speedcuber, id_stat, jmeno, prijmeni, datum_narozeni, pohlavi) values (58, 6, 'Lorianna', 'Illingsworth', '2004-08-14', 'Female');
insert into speedcuber (id_speedcuber, id_stat, jmeno, prijmeni, datum_narozeni, pohlavi) values (59, 6, 'Helga', 'Antonich', '1998-08-01', 'Female');
insert into speedcuber (id_speedcuber, id_stat, jmeno, prijmeni, datum_narozeni, pohlavi) values (60, 10, 'Valera', 'Murley', '2014-05-03', 'Female');
insert into speedcuber (id_speedcuber, id_stat, jmeno, prijmeni, datum_narozeni, pohlavi) values (61, 3, 'Emma', 'Beranova', '2005-06-30', 'Female');
insert into speedcuber (id_speedcuber, id_stat, jmeno, prijmeni, datum_narozeni, pohlavi) values (62, 9, 'Chrysler', 'Stains', '1973-07-03', null);
insert into speedcuber (id_speedcuber, id_stat, jmeno, prijmeni, datum_narozeni, pohlavi) values (63, 4, 'Romona', 'O''Lagen', '2003-12-01', 'Female');
insert into speedcuber (id_speedcuber, id_stat, jmeno, prijmeni, datum_narozeni, pohlavi) values (64, 9, 'Elmira', 'Kellard', '1983-09-07', null);
insert into speedcuber (id_speedcuber, id_stat, jmeno, prijmeni, datum_narozeni, pohlavi) values (65, 4, 'Codee', 'Lafoy', '1960-02-10', 'Female');
insert into speedcuber (id_speedcuber, id_stat, jmeno, prijmeni, datum_narozeni, pohlavi) values (66, 7, 'Vince', 'Tubridy', '1960-12-15', 'Male');
insert into speedcuber (id_speedcuber, id_stat, jmeno, prijmeni, datum_narozeni, pohlavi) values (67, 4, 'Chevy', 'O''Henecan', '1982-11-07', 'Male');
insert into speedcuber (id_speedcuber, id_stat, jmeno, prijmeni, datum_narozeni, pohlavi) values (68, 5, 'Maximilien', 'Attaway', '1979-08-10', 'Non-binary');
insert into speedcuber (id_speedcuber, id_stat, jmeno, prijmeni, datum_narozeni, pohlavi) values (69, 3, 'Phyllis', 'Aulds', '2022-04-10', 'Female');
insert into speedcuber (id_speedcuber, id_stat, jmeno, prijmeni, datum_narozeni, pohlavi) values (70, 3, 'Tilda', 'Guard', '1996-04-14', 'Female');
insert into speedcuber (id_speedcuber, id_stat, jmeno, prijmeni, datum_narozeni, pohlavi) values (71, 1, 'Mayer', 'Feighry', '1973-10-11', null);
insert into speedcuber (id_speedcuber, id_stat, jmeno, prijmeni, datum_narozeni, pohlavi) values (72, 5, 'Worth', 'Martignon', '2018-01-31', 'Male');
insert into speedcuber (id_speedcuber, id_stat, jmeno, prijmeni, datum_narozeni, pohlavi) values (73, 9, 'Emiline', 'Ferraraccio', '1974-03-10', 'Polygender');
insert into speedcuber (id_speedcuber, id_stat, jmeno, prijmeni, datum_narozeni, pohlavi) values (74, 1, 'Stephie', 'Misson', '1995-11-25', 'Female');
insert into speedcuber (id_speedcuber, id_stat, jmeno, prijmeni, datum_narozeni, pohlavi) values (75, 5, 'Mada', 'Iannello', '1994-04-01', 'Female');
insert into speedcuber (id_speedcuber, id_stat, jmeno, prijmeni, datum_narozeni, pohlavi) values (76, 4, 'Valida', 'Ducham', '1978-03-15', 'Female');
insert into speedcuber (id_speedcuber, id_stat, jmeno, prijmeni, datum_narozeni, pohlavi) values (77, 2, 'Feliks', 'Zemdegs', '1995-12-20', 'Male');
insert into speedcuber (id_speedcuber, id_stat, jmeno, prijmeni, datum_narozeni, pohlavi) values (78, 2, 'Monro', 'Hablot', '1997-07-19', null);
insert into speedcuber (id_speedcuber, id_stat, jmeno, prijmeni, datum_narozeni, pohlavi) values (79, 4, 'Jeanette', 'Haygreen', '1972-02-06', 'Agender');
insert into speedcuber (id_speedcuber, id_stat, jmeno, prijmeni, datum_narozeni, pohlavi) values (80, 2, 'Naomi', 'Santry', '2007-03-03', 'Bigender');

select setval(pg_get_serial_sequence('speedcuber','id_speedcuber'),80);
-----------------------------------------------------------------
insert into organizator (id_speedcuber, cena, region) values (2, 9500, 'Southern Europe');
insert into organizator (id_speedcuber, cena, region) values (61, 4400, 'Central Europe');
insert into organizator (id_speedcuber, cena, region) values (34, 9200, 'East Europe');
insert into organizator (id_speedcuber, cena, region) values (79, 3300, 'Central Europe');
insert into organizator (id_speedcuber, cena, region) values (33, 9300, 'West Europe');
insert into organizator (id_speedcuber, cena, region) values (4, 4100, 'Italy');
insert into organizator (id_speedcuber, cena, region) values (25, 1000, 'East Europe');
insert into organizator (id_speedcuber, cena, region) values (66, 8400, 'UK');
insert into organizator (id_speedcuber, cena, region) values (56, 1200, 'Europe');
insert into organizator (id_speedcuber, cena, region) values (42, 2700, 'India');

------------------------------------------------------------------------
insert into turnaj (id_turnaj, id_hlavniorg, id_vedlejsiorg, id_mesto, nazev, datum) values (1, 2, 61, 1, 'Shaoxing Open 2020', '2020-11-26');
insert into turnaj (id_turnaj, id_hlavniorg, id_vedlejsiorg, id_mesto, nazev, datum) values (2, 2, 56, 2, '2 Feet of Snow 2018', '2018-12-30');
insert into turnaj (id_turnaj, id_hlavniorg, id_vedlejsiorg, id_mesto, nazev, datum) values (3, 56, 42, 4, 'Harbin Open 2020', '2020-06-28');
insert into turnaj (id_turnaj, id_hlavniorg, id_vedlejsiorg, id_mesto, nazev, datum) values (4, 66, 56, 3, 'Cubing Chiriquí 2020', '2020-03-21');
insert into turnaj (id_turnaj, id_hlavniorg, id_vedlejsiorg, id_mesto, nazev, datum) values (5, 56, 34, 8, 'C3 Cup Finale 2021', '2021-09-05');
insert into turnaj (id_turnaj, id_hlavniorg, id_vedlejsiorg, id_mesto, nazev, datum) values (6, 25, 4, 13, 'AZCubing Winter 2020', '2020-10-25');
insert into turnaj (id_turnaj, id_hlavniorg, id_vedlejsiorg, id_mesto, nazev, datum) values (7, 42, 34, 1, 'Alicante Open 2019', '2019-05-10');
insert into turnaj (id_turnaj, id_hlavniorg, id_vedlejsiorg, id_mesto, nazev, datum) values (8, 79, 66, 2, 'ABC Engineering University 2017', '2017-06-17');
insert into turnaj (id_turnaj, id_hlavniorg, id_vedlejsiorg, id_mesto, nazev, datum) values (9, 61, 4, 4, 'No Shoes 2017', '2017-11-17');
insert into turnaj (id_turnaj, id_hlavniorg, id_vedlejsiorg, id_mesto, nazev, datum) values (10, 79, 33, 11, 'AlphaCubing Summer 2020', '2020-05-21');
insert into turnaj (id_turnaj, id_hlavniorg, id_vedlejsiorg, id_mesto, nazev, datum) values (11, 34, 33, 4, 'Cool Winter 2021', '2021-01-29');
insert into turnaj (id_turnaj, id_hlavniorg, id_vedlejsiorg, id_mesto, nazev, datum) values (12, 34, 4, 1, 'Speedcubing Year End 2019', '2019-02-06');

select setval(pg_get_serial_sequence('turnaj','id_turnaj'),12);

---------------------------------------------------------------
insert into sponzor (id_sponzor, nazev, obnos) values (1, 'Wikivu', 49000);
insert into sponzor (id_sponzor, nazev, obnos) values (2, 'Pixoboo', 28000);
insert into sponzor (id_sponzor, nazev, obnos) values (3, 'Realblab', 46000);
insert into sponzor (id_sponzor, nazev, obnos) values (4, 'Innojam', null);
insert into sponzor (id_sponzor, nazev, obnos) values (5, 'Buzzdog', null);
insert into sponzor (id_sponzor, nazev, obnos) values (6, 'Livepath', 68000);

select setval(pg_get_serial_sequence('sponzor','id_sponzor'),6);

--------------------------------------------------------------------
insert into turnaj_sponzor (id_turnaj, id_sponzor) values (12, 5);
insert into turnaj_sponzor (id_turnaj, id_sponzor) values (12, 4);
insert into turnaj_sponzor (id_turnaj, id_sponzor) values (12, 1);
insert into turnaj_sponzor (id_turnaj, id_sponzor) values (12, 3);
insert into turnaj_sponzor (id_turnaj, id_sponzor) values (1, 6);
insert into turnaj_sponzor (id_turnaj, id_sponzor) values (12, 6);
insert into turnaj_sponzor (id_turnaj, id_sponzor) values (2, 3);
insert into turnaj_sponzor (id_turnaj, id_sponzor) values (7, 3);
insert into turnaj_sponzor (id_turnaj, id_sponzor) values (1, 3);
insert into turnaj_sponzor (id_turnaj, id_sponzor) values (9, 3);
insert into turnaj_sponzor (id_turnaj, id_sponzor) values (3, 5);
insert into turnaj_sponzor (id_turnaj, id_sponzor) values (5, 3);
insert into turnaj_sponzor (id_turnaj, id_sponzor) values (7, 5);
insert into turnaj_sponzor (id_turnaj, id_sponzor) values (2, 5);
insert into turnaj_sponzor (id_turnaj, id_sponzor) values (1, 4);
insert into turnaj_sponzor (id_turnaj, id_sponzor) values (2, 4);
insert into turnaj_sponzor (id_turnaj, id_sponzor) values (6, 1);
insert into turnaj_sponzor (id_turnaj, id_sponzor) values (6, 3);
insert into turnaj_sponzor (id_turnaj, id_sponzor) values (4, 4);
insert into turnaj_sponzor (id_turnaj, id_sponzor) values (2, 1);

-----------------------------------------------------------------
insert into pouziti (id_pouziti, id_kostka, id_speedcuber) values (1, 5, 22);
insert into pouziti (id_pouziti, id_kostka, id_speedcuber) values (2, 9, 24);
insert into pouziti (id_pouziti, id_kostka, id_speedcuber) values (3, 2, 56);
insert into pouziti (id_pouziti, id_kostka, id_speedcuber) values (4, 8, 45);
insert into pouziti (id_pouziti, id_kostka, id_speedcuber) values (5, 6, 9);
insert into pouziti (id_pouziti, id_kostka, id_speedcuber) values (6, 9, 26);
insert into pouziti (id_pouziti, id_kostka, id_speedcuber) values (7, 8, 65);
insert into pouziti (id_pouziti, id_kostka, id_speedcuber) values (8, 5, 78);
insert into pouziti (id_pouziti, id_kostka, id_speedcuber) values (9, 2, 64);
insert into pouziti (id_pouziti, id_kostka, id_speedcuber) values (10, 10, 62);
insert into pouziti (id_pouziti, id_kostka, id_speedcuber) values (11, 6, 59);
insert into pouziti (id_pouziti, id_kostka, id_speedcuber) values (12, 8, 33);
insert into pouziti (id_pouziti, id_kostka, id_speedcuber) values (13, 1, 45);
insert into pouziti (id_pouziti, id_kostka, id_speedcuber) values (14, 5, 30);
insert into pouziti (id_pouziti, id_kostka, id_speedcuber) values (15, 7, 45);
insert into pouziti (id_pouziti, id_kostka, id_speedcuber) values (16, 8, 52);
insert into pouziti (id_pouziti, id_kostka, id_speedcuber) values (17, 7, 49);
insert into pouziti (id_pouziti, id_kostka, id_speedcuber) values (18, 3, 32);
insert into pouziti (id_pouziti, id_kostka, id_speedcuber) values (19, 10, 11);
insert into pouziti (id_pouziti, id_kostka, id_speedcuber) values (20, 7, 55);
insert into pouziti (id_pouziti, id_kostka, id_speedcuber) values (21, 2, 41);
insert into pouziti (id_pouziti, id_kostka, id_speedcuber) values (22, 3, 28);
insert into pouziti (id_pouziti, id_kostka, id_speedcuber) values (23, 10, 42);
insert into pouziti (id_pouziti, id_kostka, id_speedcuber) values (24, 3, 11);
insert into pouziti (id_pouziti, id_kostka, id_speedcuber) values (25, 2, 32);
insert into pouziti (id_pouziti, id_kostka, id_speedcuber) values (26, 5, 48);
insert into pouziti (id_pouziti, id_kostka, id_speedcuber) values (27, 7, 38);
insert into pouziti (id_pouziti, id_kostka, id_speedcuber) values (28, 8, 29);
insert into pouziti (id_pouziti, id_kostka, id_speedcuber) values (29, 5, 33);
insert into pouziti (id_pouziti, id_kostka, id_speedcuber) values (30, 4, 33);
insert into pouziti (id_pouziti, id_kostka, id_speedcuber) values (31, 10, 41);
insert into pouziti (id_pouziti, id_kostka, id_speedcuber) values (32, 8, 47);
insert into pouziti (id_pouziti, id_kostka, id_speedcuber) values (33, 5, 48);
insert into pouziti (id_pouziti, id_kostka, id_speedcuber) values (34, 1, 71);
insert into pouziti (id_pouziti, id_kostka, id_speedcuber) values (35, 9, 30);
insert into pouziti (id_pouziti, id_kostka, id_speedcuber) values (36, 2, 7);
insert into pouziti (id_pouziti, id_kostka, id_speedcuber) values (37, 7, 38);
insert into pouziti (id_pouziti, id_kostka, id_speedcuber) values (38, 2, 11);
insert into pouziti (id_pouziti, id_kostka, id_speedcuber) values (39, 9, 40);
insert into pouziti (id_pouziti, id_kostka, id_speedcuber) values (40, 9, 21);
insert into pouziti (id_pouziti, id_kostka, id_speedcuber) values (41, 5, 29);
insert into pouziti (id_pouziti, id_kostka, id_speedcuber) values (42, 4, 42);
insert into pouziti (id_pouziti, id_kostka, id_speedcuber) values (43, 7, 54);
insert into pouziti (id_pouziti, id_kostka, id_speedcuber) values (44, 2, 30);
insert into pouziti (id_pouziti, id_kostka, id_speedcuber) values (45, 6, 35);
insert into pouziti (id_pouziti, id_kostka, id_speedcuber) values (46, 9, 54);
insert into pouziti (id_pouziti, id_kostka, id_speedcuber) values (47, 7, 4);
insert into pouziti (id_pouziti, id_kostka, id_speedcuber) values (48, 7, 45);
insert into pouziti (id_pouziti, id_kostka, id_speedcuber) values (49, 6, 30);
insert into pouziti (id_pouziti, id_kostka, id_speedcuber) values (50, 3, 51);
insert into pouziti (id_pouziti, id_kostka, id_speedcuber) values (51, 5, 69);
insert into pouziti (id_pouziti, id_kostka, id_speedcuber) values (52, 10, 56);
insert into pouziti (id_pouziti, id_kostka, id_speedcuber) values (53, 2, 78);
insert into pouziti (id_pouziti, id_kostka, id_speedcuber) values (54, 10, 52);
insert into pouziti (id_pouziti, id_kostka, id_speedcuber) values (55, 10, 46);
insert into pouziti (id_pouziti, id_kostka, id_speedcuber) values (56, 7, 57);
insert into pouziti (id_pouziti, id_kostka, id_speedcuber) values (57, 9, 77);
insert into pouziti (id_pouziti, id_kostka, id_speedcuber) values (58, 5, 78);
insert into pouziti (id_pouziti, id_kostka, id_speedcuber) values (59, 7, 14);
insert into pouziti (id_pouziti, id_kostka, id_speedcuber) values (60, 9, 8);
insert into pouziti (id_pouziti, id_kostka, id_speedcuber) values (61, 4, 55);
insert into pouziti (id_pouziti, id_kostka, id_speedcuber) values (62, 5, 56);
insert into pouziti (id_pouziti, id_kostka, id_speedcuber) values (63, 6, 36);
insert into pouziti (id_pouziti, id_kostka, id_speedcuber) values (64, 2, 14);
insert into pouziti (id_pouziti, id_kostka, id_speedcuber) values (65, 1, 1);
insert into pouziti (id_pouziti, id_kostka, id_speedcuber) values (66, 4, 12);
insert into pouziti (id_pouziti, id_kostka, id_speedcuber) values (67, 6, 57);
insert into pouziti (id_pouziti, id_kostka, id_speedcuber) values (68, 3, 43);
insert into pouziti (id_pouziti, id_kostka, id_speedcuber) values (69, 5, 80);
insert into pouziti (id_pouziti, id_kostka, id_speedcuber) values (70, 10, 51);
insert into pouziti (id_pouziti, id_kostka, id_speedcuber) values (71, 3, 32);
insert into pouziti (id_pouziti, id_kostka, id_speedcuber) values (72, 3, 77);
insert into pouziti (id_pouziti, id_kostka, id_speedcuber) values (73, 8, 55);
insert into pouziti (id_pouziti, id_kostka, id_speedcuber) values (74, 8, 66);
insert into pouziti (id_pouziti, id_kostka, id_speedcuber) values (75, 3, 21);
insert into pouziti (id_pouziti, id_kostka, id_speedcuber) values (76, 1, 25);
insert into pouziti (id_pouziti, id_kostka, id_speedcuber) values (77, 5, 56);
insert into pouziti (id_pouziti, id_kostka, id_speedcuber) values (78, 3, 32);
insert into pouziti (id_pouziti, id_kostka, id_speedcuber) values (79, 3, 66);
insert into pouziti (id_pouziti, id_kostka, id_speedcuber) values (80, 4, 46);
insert into pouziti (id_pouziti, id_kostka, id_speedcuber) values (81, 4, 21);
insert into pouziti (id_pouziti, id_kostka, id_speedcuber) values (82, 3, 4);
insert into pouziti (id_pouziti, id_kostka, id_speedcuber) values (83, 5, 57);
insert into pouziti (id_pouziti, id_kostka, id_speedcuber) values (84, 9, 61);
insert into pouziti (id_pouziti, id_kostka, id_speedcuber) values (85, 9, 6);
insert into pouziti (id_pouziti, id_kostka, id_speedcuber) values (86, 5, 49);
insert into pouziti (id_pouziti, id_kostka, id_speedcuber) values (87, 6, 57);
insert into pouziti (id_pouziti, id_kostka, id_speedcuber) values (88, 6, 6);
insert into pouziti (id_pouziti, id_kostka, id_speedcuber) values (89, 1, 44);
insert into pouziti (id_pouziti, id_kostka, id_speedcuber) values (90, 3, 76);
insert into pouziti (id_pouziti, id_kostka, id_speedcuber) values (91, 5, 58);
insert into pouziti (id_pouziti, id_kostka, id_speedcuber) values (92, 5, 4);
insert into pouziti (id_pouziti, id_kostka, id_speedcuber) values (93, 6, 64);
insert into pouziti (id_pouziti, id_kostka, id_speedcuber) values (94, 3, 45);
insert into pouziti (id_pouziti, id_kostka, id_speedcuber) values (95, 9, 78);
insert into pouziti (id_pouziti, id_kostka, id_speedcuber) values (96, 3, 75);
insert into pouziti (id_pouziti, id_kostka, id_speedcuber) values (97, 9, 14);
insert into pouziti (id_pouziti, id_kostka, id_speedcuber) values (98, 10, 79);
insert into pouziti (id_pouziti, id_kostka, id_speedcuber) values (99, 1, 11);
insert into pouziti (id_pouziti, id_kostka, id_speedcuber) values (100, 9, 76);
insert into pouziti (id_pouziti, id_kostka, id_speedcuber) values (101, 8, 76);
insert into pouziti (id_pouziti, id_kostka, id_speedcuber) values (102, 6, 34);
insert into pouziti (id_pouziti, id_kostka, id_speedcuber) values (103, 9, 54);
insert into pouziti (id_pouziti, id_kostka, id_speedcuber) values (104, 5, 21);
insert into pouziti (id_pouziti, id_kostka, id_speedcuber) values (105, 6, 57);
insert into pouziti (id_pouziti, id_kostka, id_speedcuber) values (106, 1, 51);
insert into pouziti (id_pouziti, id_kostka, id_speedcuber) values (107, 5, 74);
insert into pouziti (id_pouziti, id_kostka, id_speedcuber) values (108, 7, 31);
insert into pouziti (id_pouziti, id_kostka, id_speedcuber) values (109, 8, 71);
insert into pouziti (id_pouziti, id_kostka, id_speedcuber) values (110, 10, 67);
insert into pouziti (id_pouziti, id_kostka, id_speedcuber) values (111, 3, 42);
insert into pouziti (id_pouziti, id_kostka, id_speedcuber) values (112, 4, 61);
insert into pouziti (id_pouziti, id_kostka, id_speedcuber) values (113, 2, 17);
insert into pouziti (id_pouziti, id_kostka, id_speedcuber) values (114, 9, 45);
insert into pouziti (id_pouziti, id_kostka, id_speedcuber) values (115, 4, 9);
insert into pouziti (id_pouziti, id_kostka, id_speedcuber) values (116, 1, 69);
insert into pouziti (id_pouziti, id_kostka, id_speedcuber) values (117, 7, 17);
insert into pouziti (id_pouziti, id_kostka, id_speedcuber) values (118, 1, 20);
insert into pouziti (id_pouziti, id_kostka, id_speedcuber) values (119, 6, 65);
insert into pouziti (id_pouziti, id_kostka, id_speedcuber) values (120, 1, 3);

select setval(pg_get_serial_sequence('pouziti','id_pouziti'),120);

-----------------------------------------------------------------------------

insert into ucast (id_turnaj, id_pouziti, cas) values (1, 70, 17.0);
insert into ucast (id_turnaj, id_pouziti, cas) values (8, 69, 28.4);
insert into ucast (id_turnaj, id_pouziti, cas) values (10, 37, 18.9);
insert into ucast (id_turnaj, id_pouziti, cas) values (12, 99, 23.7);
insert into ucast (id_turnaj, id_pouziti, cas) values (7, 67, 23.6);
insert into ucast (id_turnaj, id_pouziti, cas) values (9, 60, 13.4);
insert into ucast (id_turnaj, id_pouziti, cas) values (1, 28, 17.0);
insert into ucast (id_turnaj, id_pouziti, cas) values (2, 103, 27.8);
insert into ucast (id_turnaj, id_pouziti, cas) values (5, 97, 16.3);
insert into ucast (id_turnaj, id_pouziti, cas) values (12, 10, 14.4);
insert into ucast (id_turnaj, id_pouziti, cas) values (6, 1, 12.5);
insert into ucast (id_turnaj, id_pouziti, cas) values (9, 87, 22.3);
insert into ucast (id_turnaj, id_pouziti, cas) values (2, 22, null);
insert into ucast (id_turnaj, id_pouziti, cas) values (3, 107, null);
insert into ucast (id_turnaj, id_pouziti, cas) values (9, 59, 9.9);
insert into ucast (id_turnaj, id_pouziti, cas) values (2, 90, 16.8);
insert into ucast (id_turnaj, id_pouziti, cas) values (1, 16, 18.5);
insert into ucast (id_turnaj, id_pouziti, cas) values (3, 59, 19.5);
insert into ucast (id_turnaj, id_pouziti, cas) values (12, 29, 10.7);
insert into ucast (id_turnaj, id_pouziti, cas) values (11, 81, 23.0);
insert into ucast (id_turnaj, id_pouziti, cas) values (4, 117, 10.2);
insert into ucast (id_turnaj, id_pouziti, cas) values (9, 73, null);
insert into ucast (id_turnaj, id_pouziti, cas) values (7, 39, 13.0);
insert into ucast (id_turnaj, id_pouziti, cas) values (4, 77, 14.6);
insert into ucast (id_turnaj, id_pouziti, cas) values (6, 18, 9.6);
insert into ucast (id_turnaj, id_pouziti, cas) values (11, 107, 17.4);
insert into ucast (id_turnaj, id_pouziti, cas) values (9, 58, 29.0);
insert into ucast (id_turnaj, id_pouziti, cas) values (10, 107, 22.5);
insert into ucast (id_turnaj, id_pouziti, cas) values (12, 51, 25.2);
insert into ucast (id_turnaj, id_pouziti, cas) values (8, 118, 15.2);
insert into ucast (id_turnaj, id_pouziti, cas) values (1, 80, 6.3);
insert into ucast (id_turnaj, id_pouziti, cas) values (2, 39, null);
insert into ucast (id_turnaj, id_pouziti, cas) values (4, 83, 22.4);
insert into ucast (id_turnaj, id_pouziti, cas) values (10, 9, 21.1);
insert into ucast (id_turnaj, id_pouziti, cas) values (6, 54, 12.9);
insert into ucast (id_turnaj, id_pouziti, cas) values (6, 91, 7.7);
insert into ucast (id_turnaj, id_pouziti, cas) values (12, 69, 27.3);
insert into ucast (id_turnaj, id_pouziti, cas) values (4, 106, 16.6);
insert into ucast (id_turnaj, id_pouziti, cas) values (5, 87, 21.6);
insert into ucast (id_turnaj, id_pouziti, cas) values (12, 60, 22.2);
insert into ucast (id_turnaj, id_pouziti, cas) values (2, 2, null);
insert into ucast (id_turnaj, id_pouziti, cas) values (6, 6, 9.1);
insert into ucast (id_turnaj, id_pouziti, cas) values (2, 76, 21.4);
insert into ucast (id_turnaj, id_pouziti, cas) values (9, 110, 18.6);
insert into ucast (id_turnaj, id_pouziti, cas) values (2, 83, 6.8);
insert into ucast (id_turnaj, id_pouziti, cas) values (1, 58, 5.1);
insert into ucast (id_turnaj, id_pouziti, cas) values (10, 89, 14.2);
insert into ucast (id_turnaj, id_pouziti, cas) values (12, 70, 12.0);
insert into ucast (id_turnaj, id_pouziti, cas) values (6, 112, 10.9);
insert into ucast (id_turnaj, id_pouziti, cas) values (9, 74, 28.9);
insert into ucast (id_turnaj, id_pouziti, cas) values (8, 95, 18.5);
insert into ucast (id_turnaj, id_pouziti, cas) values (5, 2, null);
insert into ucast (id_turnaj, id_pouziti, cas) values (9, 75, 26.5);
insert into ucast (id_turnaj, id_pouziti, cas) values (4, 39, 28.3);
insert into ucast (id_turnaj, id_pouziti, cas) values (4, 64, 9.0);
insert into ucast (id_turnaj, id_pouziti, cas) values (1, 90, 29.7);
insert into ucast (id_turnaj, id_pouziti, cas) values (12, 9, null);
insert into ucast (id_turnaj, id_pouziti, cas) values (2, 77, 8.0);
insert into ucast (id_turnaj, id_pouziti, cas) values (6, 93, 9.7);
insert into ucast (id_turnaj, id_pouziti, cas) values (6, 34, 16.7);
insert into ucast (id_turnaj, id_pouziti, cas) values (12, 46, 16.1);
insert into ucast (id_turnaj, id_pouziti, cas) values (7, 63, 24.1);
insert into ucast (id_turnaj, id_pouziti, cas) values (2, 1, 13.0);
insert into ucast (id_turnaj, id_pouziti, cas) values (5, 92, null);
insert into ucast (id_turnaj, id_pouziti, cas) values (3, 82, 24.5);
insert into ucast (id_turnaj, id_pouziti, cas) values (10, 2, 4.4);
insert into ucast (id_turnaj, id_pouziti, cas) values (4, 31, 5.4);
insert into ucast (id_turnaj, id_pouziti, cas) values (9, 96, 15.0);
insert into ucast (id_turnaj, id_pouziti, cas) values (6, 97, 22.0);
insert into ucast (id_turnaj, id_pouziti, cas) values (12, 118, 17.2);
insert into ucast (id_turnaj, id_pouziti, cas) values (12, 80, 26.2);
insert into ucast (id_turnaj, id_pouziti, cas) values (10, 67, 19.7);
insert into ucast (id_turnaj, id_pouziti, cas) values (8, 81, 22.7);
insert into ucast (id_turnaj, id_pouziti, cas) values (4, 26, 6.6);
insert into ucast (id_turnaj, id_pouziti, cas) values (11, 102, null);
insert into ucast (id_turnaj, id_pouziti, cas) values (5, 57, null);
insert into ucast (id_turnaj, id_pouziti, cas) values (10, 53, 26.0);
insert into ucast (id_turnaj, id_pouziti, cas) values (12, 61, 29.0);
insert into ucast (id_turnaj, id_pouziti, cas) values (1, 5, 28.6);
insert into ucast (id_turnaj, id_pouziti, cas) values (4, 74, 12.8);
insert into ucast (id_turnaj, id_pouziti, cas) values (6, 90, 5.6);
insert into ucast (id_turnaj, id_pouziti, cas) values (1, 44, 27.5);
insert into ucast (id_turnaj, id_pouziti, cas) values (10, 66, 8.2);
insert into ucast (id_turnaj, id_pouziti, cas) values (4, 93, 17.6);
insert into ucast (id_turnaj, id_pouziti, cas) values (6, 8, 7.1);
insert into ucast (id_turnaj, id_pouziti, cas) values (10, 25, 13.4);
insert into ucast (id_turnaj, id_pouziti, cas) values (11, 117, 8.2);
insert into ucast (id_turnaj, id_pouziti, cas) values (5, 65, 5.1);
insert into ucast (id_turnaj, id_pouziti, cas) values (6, 85, 5.6);
insert into ucast (id_turnaj, id_pouziti, cas) values (6, 60, 25.5);
insert into ucast (id_turnaj, id_pouziti, cas) values (4, 10, 11.7);
insert into ucast (id_turnaj, id_pouziti, cas) values (10, 49, 21.4);
insert into ucast (id_turnaj, id_pouziti, cas) values (2, 79, 8.7);
insert into ucast (id_turnaj, id_pouziti, cas) values (8, 3, 10.9);
insert into ucast (id_turnaj, id_pouziti, cas) values (10, 36, 21.7);
insert into ucast (id_turnaj, id_pouziti, cas) values (9, 46, 21.5);
insert into ucast (id_turnaj, id_pouziti, cas) values (6, 56, 4.6);
insert into ucast (id_turnaj, id_pouziti, cas) values (1, 59, null);
insert into ucast (id_turnaj, id_pouziti, cas) values (3, 6, 8.0);
insert into ucast (id_turnaj, id_pouziti, cas) values (12, 3, 24.1);
insert into ucast (id_turnaj, id_pouziti, cas) values (4, 6, 4.3);
insert into ucast (id_turnaj, id_pouziti, cas) values (6, 102, 22.4);
insert into ucast (id_turnaj, id_pouziti, cas) values (12, 64, 29.7);
insert into ucast (id_turnaj, id_pouziti, cas) values (1, 77, 24.7);
insert into ucast (id_turnaj, id_pouziti, cas) values (11, 110, 25.0);
insert into ucast (id_turnaj, id_pouziti, cas) values (6, 47, 10.9);
insert into ucast (id_turnaj, id_pouziti, cas) values (12, 85, null);
insert into ucast (id_turnaj, id_pouziti, cas) values (10, 19, 9.5);
insert into ucast (id_turnaj, id_pouziti, cas) values (11, 37, 7.2);
insert into ucast (id_turnaj, id_pouziti, cas) values (5, 53, null);
insert into ucast (id_turnaj, id_pouziti, cas) values (12, 21, 26.6);
insert into ucast (id_turnaj, id_pouziti, cas) values (10, 48, null);
insert into ucast (id_turnaj, id_pouziti, cas) values (10, 117, 6.5);
insert into ucast (id_turnaj, id_pouziti, cas) values (11, 31, 19.9);
insert into ucast (id_turnaj, id_pouziti, cas) values (4, 78, null);
insert into ucast (id_turnaj, id_pouziti, cas) values (12, 58, 26.8);
insert into ucast (id_turnaj, id_pouziti, cas) values (2, 32, 15.8);
insert into ucast (id_turnaj, id_pouziti, cas) values (3, 3, 9.3);
insert into ucast (id_turnaj, id_pouziti, cas) values (3, 37, 7.6);
insert into ucast (id_turnaj, id_pouziti, cas) values (6, 12, null);
insert into ucast (id_turnaj, id_pouziti, cas) values (6, 14, null);
insert into ucast (id_turnaj, id_pouziti, cas) values (2, 14, null);
insert into ucast (id_turnaj, id_pouziti, cas) values (8, 1, 7.6);
insert into ucast (id_turnaj, id_pouziti, cas) values (4, 23, 9.3);
insert into ucast (id_turnaj, id_pouziti, cas) values (6, 36, 20.7);
insert into ucast (id_turnaj, id_pouziti, cas) values (3, 79, 21.3);
insert into ucast (id_turnaj, id_pouziti, cas) values (10, 74, 9.9);
insert into ucast (id_turnaj, id_pouziti, cas) values (4, 30, 21.3);
insert into ucast (id_turnaj, id_pouziti, cas) values (2, 4, 22.6);
insert into ucast (id_turnaj, id_pouziti, cas) values (1, 13, 28.3);
insert into ucast (id_turnaj, id_pouziti, cas) values (6, 37, 5.4);
insert into ucast (id_turnaj, id_pouziti, cas) values (1, 88, 21.3);
insert into ucast (id_turnaj, id_pouziti, cas) values (11, 63, 29.4);
insert into ucast (id_turnaj, id_pouziti, cas) values (9, 77, null);
insert into ucast (id_turnaj, id_pouziti, cas) values (6, 46, 28.8);
insert into ucast (id_turnaj, id_pouziti, cas) values (1, 83, 24.8);
insert into ucast (id_turnaj, id_pouziti, cas) values (3, 39, 20.2);
insert into ucast (id_turnaj, id_pouziti, cas) values (7, 98, 23.0);
insert into ucast (id_turnaj, id_pouziti, cas) values (4, 114, 19.4);
insert into ucast (id_turnaj, id_pouziti, cas) values (12, 104, 27.8);
insert into ucast (id_turnaj, id_pouziti, cas) values (12, 41, 8.2);
insert into ucast (id_turnaj, id_pouziti, cas) values (4, 72, 4.2);
insert into ucast (id_turnaj, id_pouziti, cas) values (5, 118, 11.6);
insert into ucast (id_turnaj, id_pouziti, cas) values (11, 115, 11.5);
insert into ucast (id_turnaj, id_pouziti, cas) values (6, 3, 8.5);
insert into ucast (id_turnaj, id_pouziti, cas) values (9, 97, 11.8);
insert into ucast (id_turnaj, id_pouziti, cas) values (8, 99, 23.7);
insert into ucast (id_turnaj, id_pouziti, cas) values (4, 61, 14.7);
insert into ucast (id_turnaj, id_pouziti, cas) values (4, 54, null);
insert into ucast (id_turnaj, id_pouziti, cas) values (10, 11, 24.2);
insert into ucast (id_turnaj, id_pouziti, cas) values (4, 109, 10.8);
insert into ucast (id_turnaj, id_pouziti, cas) values (3, 48, 18.4);
insert into ucast (id_turnaj, id_pouziti, cas) values (8, 86, 19.8);
insert into ucast (id_turnaj, id_pouziti, cas) values (6, 114, 8.6);
insert into ucast (id_turnaj, id_pouziti, cas) values (10, 63, 23.8);
insert into ucast (id_turnaj, id_pouziti, cas) values (9, 88, 12.3);
insert into ucast (id_turnaj, id_pouziti, cas) values (9, 54, null);
insert into ucast (id_turnaj, id_pouziti, cas) values (12, 13, 6.7);
insert into ucast (id_turnaj, id_pouziti, cas) values (9, 55, 8.8);
insert into ucast (id_turnaj, id_pouziti, cas) values (7, 85, 12.6);
insert into ucast (id_turnaj, id_pouziti, cas) values (10, 28, 24.5);
insert into ucast (id_turnaj, id_pouziti, cas) values (10, 59, 17.5);
insert into ucast (id_turnaj, id_pouziti, cas) values (11, 28, 25.0);
insert into ucast (id_turnaj, id_pouziti, cas) values (2, 82, 14.7);
insert into ucast (id_turnaj, id_pouziti, cas) values (7, 58, 13.5);
insert into ucast (id_turnaj, id_pouziti, cas) values (4, 24, 27.5);
insert into ucast (id_turnaj, id_pouziti, cas) values (12, 49, 26.0);
insert into ucast (id_turnaj, id_pouziti, cas) values (8, 65, 29.3);
insert into ucast (id_turnaj, id_pouziti, cas) values (1, 31, 5.4);
insert into ucast (id_turnaj, id_pouziti, cas) values (8, 98, 18.6);
insert into ucast (id_turnaj, id_pouziti, cas) values (6, 113, null);
insert into ucast (id_turnaj, id_pouziti, cas) values (5, 79, 18.4);
insert into ucast (id_turnaj, id_pouziti, cas) values (8, 77, 20.1);
insert into ucast (id_turnaj, id_pouziti, cas) values (2, 24, 5.7);
insert into ucast (id_turnaj, id_pouziti, cas) values (2, 112, 29.2);
insert into ucast (id_turnaj, id_pouziti, cas) values (3, 89, 24.0);
insert into ucast (id_turnaj, id_pouziti, cas) values (10, 55, null);
insert into ucast (id_turnaj, id_pouziti, cas) values (9, 106, 25.1);
insert into ucast (id_turnaj, id_pouziti, cas) values (12, 82, 21.7);
insert into ucast (id_turnaj, id_pouziti, cas) values (12, 101, 4.9);
insert into ucast (id_turnaj, id_pouziti, cas) values (12, 57, 17.8);
insert into ucast (id_turnaj, id_pouziti, cas) values (7, 105, 23.4);
insert into ucast (id_turnaj, id_pouziti, cas) values (7, 99, null);
insert into ucast (id_turnaj, id_pouziti, cas) values (7, 45, null);
insert into ucast (id_turnaj, id_pouziti, cas) values (10, 7, 7.9);
insert into ucast (id_turnaj, id_pouziti, cas) values (2, 37, 12.9);
insert into ucast (id_turnaj, id_pouziti, cas) values (3, 72, 15.2);
insert into ucast (id_turnaj, id_pouziti, cas) values (5, 88, 12.1);
insert into ucast (id_turnaj, id_pouziti, cas) values (12, 119, 23.6);
insert into ucast (id_turnaj, id_pouziti, cas) values (3, 95, 21.8);
insert into ucast (id_turnaj, id_pouziti, cas) values (2, 7, 19.1);
insert into ucast (id_turnaj, id_pouziti, cas) values (10, 47, null);
insert into ucast (id_turnaj, id_pouziti, cas) values (10, 32, 16.2);
insert into ucast (id_turnaj, id_pouziti, cas) values (5, 42, 5.1);
insert into ucast (id_turnaj, id_pouziti, cas) values (6, 10, 24.6);
insert into ucast (id_turnaj, id_pouziti, cas) values (11, 64, 26.6);
insert into ucast (id_turnaj, id_pouziti, cas) values (8, 59, 20.5);
insert into ucast (id_turnaj, id_pouziti, cas) values (7, 97, 15.2);
insert into ucast (id_turnaj, id_pouziti, cas) values (3, 97, 10.6);
insert into ucast (id_turnaj, id_pouziti, cas) values (2, 64, 19.5);

